Date,Description,Balance,Transaction Type,Amount
31 Oct,"MR B SINGH
4507E 93-119 KAVANAGH ST
SOUTHBANK VIC 3006
*#*
6837.39974.1.15 ZZ258R9 0303
 SL.R9.S95O.D303.O
 V06.00.26
Y
o
u
r
 
S
t
a
t
e
m
e
n
t
Statement 7
 (Page 1 of 27)
Account Number
06 2948 21864865
Statement
Period
1 May 2022 -  2022
Closing Balance","$10,387.39",Debit,
01 May,"Enquiries
13 2221
022
Smart Access
Enjoy the convenience and security of withdrawing what you need, when you need it. Plus you can have your
monthly account fee waived if you deposit at least $2,000 each calendar month.
Name:
BALRAM SINGH
  
Note:
Have you checked your statement today? It's easy to find out more information about each of your 
transactions by logging on to the CommBank App or NetBank. Should you have any questions on 
fees or see an error please contact us on the details above. Cheque proceeds are available when 
cleared.
The date of transactions shown here may be different on your other transaction lists (for example, the transaction list that
appears on the CommBank app).
Date
Transaction
Debit
Credit
Balance

2022 OPENING BALANCE","$32,990.99",Credit,"$2,000"
01 May,"TK MAXX SPENCER ST DOCKLANDS VICAU
24.99
$","$32,966.00",Credit,"$32,966.00"
01 May,"CONNOR CLOTHING PTY MELBOURNE AU
Card xx6915
34.99
(","$32,931.01",Debit,
01 May,"CONNOR CLOTHING PTY MELBOURNE AU
Card xx6915
35.01
(","$32,896.00",Debit,
01 May,"GIPPS STREET PTY LTD MELBOURNE AU
Card xx6915
39.95
(","$32,856.05",Debit,
03 May,"WOOLWORTHS 3813 SOUTHBANK AU AUS
Card xx6915
Value Date: 01/05/2022
24.12
(","$32,831.93",Debit,
03 May,"POTTO PTY LTD Docklands VI AUS
Card xx6915
Value Date: 01/05/2022
14.90
(","$32,817.03",Debit,
03 May,"7-ELEVEN 1147 MELBOURNE VI AUS
Card xx6915
Value Date: 30/04/2022
3.90
(","$32,813.13",Debit,
03 May,"UBER *PASS Sydney AU AUS
Card xx6915
Value Date: 29/04/2022
9.99
(","$32,803.14",Debit,
03 May,"WOOLWORTHS 3813 SOUTHBANK AU AUS
Card xx6915
Value Date: 29/04/2022
24.35
(","$32,778.79",Debit,
03 May,"WOOLWORTHS 3813 SOUTHBANK AU AUS
Card xx6915
Value Date: 29/04/2022
12.75
(","$32,766.04",Debit,
04 May,"Statement 7
 
                 
(Page 2 of 27)
Account Number
         
06 2948 21864865
6837.39974.1.15 ZZ258R9 0303
 SL.R9.S95O.D303.O
V06.00.35
Date
Transaction
Debit
Credit
Balance

WALKERS STOP CONVENI MELBOURNE VI AUS
Card xx6915
Value Date: 30/04/2022
106.53
(","$32,659.51",Debit,
04 May,"AMAZON MARKETPLACE AU SYDNEY SOUTH NS AU
Card xx6915
Value Date: 02/05/2022
37.54
(","$32,621.97",Debit,
05 May,"ISK CON INC GIFT SHO ALBERT PARK VI AUS
Card xx6915
Value Date: 03/05/2022
47.00
(","$32,574.97",Debit,
05 May,"WINENERGY POST MELBOURNE AUS
Card xx6915
Value Date: 03/05/2022
70.82
(","$32,504.15",Debit,
06 May,"Netflix.com Melbourne VI AUS
Card xx6915
Value Date: 04/05/2022
22.99
(","$32,481.16",Debit,
06 May,"AMZNPRIMEAU MEMBERSHIP SYDNEY SOUTH NS A
Card xx6915
Value Date: 04/05/2022
6.99
(","$32,474.17",Debit,
06 May,"WOOLWORTHS 3813 SOUTHBANK AU AUS
Card xx6915
Value Date: 04/05/2022
22.54
(","$32,451.63",Debit,
07 May,"Return TRIP.COM SYDNEY AUS
Card xx6915
Value Date: 05/05/2022
$
478.66","$32,930.29",Credit,"$32,930.29"
08 May,"KATHMANDU PTY LIMITE SOUTH WHARF AU
Card xx6915
280.39
(","$32,649.90",Debit,
08 May,"VALLEYGIRL SOUTH WHARF SOUTH WHARF AU
Card xx6915
40.97
(","$32,608.93",Debit,
08 May,"ZARA AUST BOURKE ST MELBOURNE VICAU
468.80
(","$32,140.13",Debit,
10 May,"PAYPAL *UDACITY INC 4029357733 AU AUS
Card xx6915
Value Date: 07/05/2022
147.25
(","$31,992.88",Debit,
10 May,"Vodafone Australia North Sydney AU AUS
Card xx6915
Value Date: 08/05/2022
30.00
(","$31,962.88",Debit,
10 May,"KOBAYASHI YUKIO PTY. SOUTH WHARF VI AUS
Card xx6915
Value Date: 08/05/2022
4.55
(","$31,958.33",Debit,
10 May,"KOBAYASHI YUKIO PTY. SOUTH WHARF VI AUS
Card xx6915
Value Date: 08/05/2022
9.11
(","$31,949.22",Debit,
10 May,"WOOLWORTHS 3813 SOUTHBANK AU AUS
Card xx6915
Value Date: 07/05/2022
55.43
(","$31,893.79",Debit,
10 May,"WOOLWORTHS 3813 SOUTHBANK AU AUS
Card xx6915
Value Date: 06/05/2022
88.82
(","$31,804.97",Debit,
11 May,"Statement 7                  
(Page 3 of 27)
Account Number
         
06 2948 21864865
6837.39975.2.15 ZZ258R9 0303
 SL.R9.S95O.D303.O
 V06.00.26
Date
Transaction
Debit
Credit
Balance

DEFT RENT NetBank BPAY 4481
45369717 Rent
1,711.00
(","$30,093.97",Debit,
11 May,"3944 BOURKE STREET M MELBOURNE VI AUS
Card xx6915
Value Date: 08/05/2022
14.99
(","$30,078.98",Debit,
11 May,"3944 BOURKE STREET M MELBOURNE VI AUS
Card xx6915
Value Date: 08/05/2022
59.98
(","$30,019.00",Debit,
11 May,"3944 BOURKE STREET M MELBOURNE VI AUS
Card xx6915
Value Date: 08/05/2022
84.98
(","$29,934.02",Debit,
12 May,"WOOLWORTHS 3813 SOUTHBANK AU AUS
Card xx6915
Value Date: 10/05/2022
36.52
(","$29,897.50",Debit,
12 May,"WOOLWORTHS 3813 SOUTHBANK AU AUS
Card xx6915
Value Date: 10/05/2022
31.20
(","$29,866.30",Debit,
13 May,"WOOLWORTHS 3813 SOUTHBANK AU AUS
Card xx6915
Value Date: 11/05/2022
22.40
(","$29,843.90",Debit,
13 May,"Salary SapientRazorfish
95
$
9,880.66","$39,724.56",Credit,"$39,724.56"
14 May,"UBER *EATS Sydney AU AUS
Card xx6915
Value Date: 12/05/2022
35.27
(","$39,689.29",Debit,
14 May,"EZI*Winconnect Hawthorn East AU AUS
Card xx6915
Value Date: 12/05/2022
74.08
(","$39,615.21",Debit,
14 May,"SQ *CHILLI EVEREST Melbourne AU
15.90
(","$39,599.31",Debit,
15 May,"DOTTI DOCKLANDS AU
Card xx6915
202.93
(","$39,396.38",Debit,
15 May,"SQ *ISKCON MELBOURNE - South Wharf AU
20.00
(","$39,376.38",Debit,
17 May,"Udemy udemy.com IR IRL
Card xx6915 AUD 26.99
Value Date: 15/05/2022
26.99
(","$39,349.39",Debit,
17 May,"iShoes Spencer Docklands VI AUS
Card xx6915
Value Date: 15/05/2022
220.00
(","$39,129.39",Debit,
17 May,"New Zealand Natural Docklands VI AUS
Card xx6915
Value Date: 15/05/2022
7.95
(","$39,121.44",Debit,
17 May,"WOOLWORTHS 3813 SOUTHBANK AU AUS
Card xx6915
Value Date: 15/05/2022
136.27
(","$38,985.17",Debit,
17 May,"ZEE5 - Asia TV Ltd London GB GBR
Card xx6915 AUD 9.99
Value Date: 14/05/2022
9.99
(","$38,975.18",Debit,
17 May,"DEFT RENT CommBank app BPAY 4
45369717 Rent
5.00
(","$38,970.18",Debit,
18 May,"OLD MAN PHO GROUP PT MELBOURNE AUS
Card xx6915
Value Date: 14/05/2022
3.80
(","$38,966.38",Debit,
18 May,"AUSTRALIAN ALPACA FLEE MELBOURNE AU
Card xx6915
302.00
(","$38,664.38",Debit,
19 May,"Statement 7                  
(Page 4 of 27)
Account Number
         
06 2948 21864865
6837.39975.2.15 ZZ258R9 0303
 SL.R9.S95O.D303.O
 V06.00.26
Date
Transaction
Debit
Credit
Balance

7-ELEVEN 1236 SOUTHBANK VI AUS
Card xx6915
Value Date: 17/05/2022
2.50
(","$38,661.88",Debit,
20 May,"FIBREWORKS INTERNET PT MALAGA AUS
Card xx6915
Value Date: 19/05/2022
0.33
(","$38,661.55",Debit,
22 May,"WOOLWORTHS 3813 SOUTHBANK VIC AU
9.00
(","$38,652.55",Debit,
22 May,"WOOLWORTHS 3813 SOUTHBANK VIC AU
1.00
(","$38,651.55",Debit,
23 May,"ZARA AUST BOURKE ST MELBOURNE VICAU
35.95
(","$38,615.60",Debit,
23 May,"SQ *CHILLI EVEREST Melbourne AU
30.85
(","$38,584.75",Debit,
24 May,"NEURON MOBILITY AU HAWTHORN VI AUS
Card xx6915
Value Date: 22/05/2022
6.20
(","$38,578.55",Debit,
24 May,"UBER *TRIP Sydney AU AUS
Card xx6915
Value Date: 22/05/2022
9.03
(","$38,569.52",Debit,
24 May,"WOOLWORTHS 3813 SOUTHBANK AU AUS
Card xx6915
Value Date: 22/05/2022
6.50
(","$38,563.02",Debit,
24 May,"WOOLWORTHS 3813 SOUTHBANK AU AUS
Card xx6915
Value Date: 21/05/2022
24.95
(","$38,538.07",Debit,
25 May,"MMM SOUTHBANK RETAIL SOUTHBANK AUS
Card xx6915
Value Date: 22/05/2022
26.99
(","$38,511.08",Debit,
25 May,"WOOLWORTHS 3813 SOUTHBANK AU AUS
Card xx6915
Value Date: 23/05/2022
79.72
(","$38,431.36",Debit,
25 May,"SPICY AFFAIR BAR AND SOUTH MELBOUR VI AU
Card xx6915
Value Date: 22/05/2022
19.40
(","$38,411.96",Debit,
25 May,"IGA FRESHWATER PLC SOUTHBANK AU
19.90
(","$38,392.06",Debit,
25 May,"WOOLWORTHS 3813 SOUTHBANK VIC AU
3.25
(","$38,388.81",Debit,
27 May,"UBER *EATS Sydney AU AUS
Card xx6915
Value Date: 25/05/2022
24.64
(","$38,364.17",Debit,
27 May,"WOOLWORTHS 3813 SOUTHBANK AU AUS
Card xx6915
Value Date: 25/05/2022
41.45
(","$38,322.72",Debit,
28 May,"WOOLWORTHS 3813 SOUTHBANK AU AUS
Card xx6915
Value Date: 26/05/2022
5.46
(","$38,317.26",Debit,
28 May,"WOOLWORTHS 3813 SOUTHBANK AU AUS
Card xx6915
Value Date: 26/05/2022
71.45
(","$38,245.81",Debit,
28 May,"WOOLWORTHS 3813 SOUTHBANK VIC AU
5.00
(","$38,240.81",Debit,
30 May,"THE HOYTS CORPORATION DOCKLANDS AU
Card xx6915
30.95
(","$38,209.86",Debit,
30 May,"THE HOYTS CORPORATION DOCKLANDS AU
Card xx6915
16.60
(","$38,193.26",Debit,
31 May,"PAYPAL *DISNEYPLUS 4029357733 AU AUS
Card xx6915
Value Date: 29/05/2022
11.99
(","$38,181.27",Debit,
31 May,"Statement 7                  
(Page 5 of 27)
Account Number
         
06 2948 21864865
6837.39976.3.15 ZZ258R9 0303
 SL.R9.S95O.D303.O
 V06.00.26
Date
Transaction
Debit
Credit
Balance

UBER *PASS Sydney AU AUS
Card xx6915
Value Date: 28/05/2022
9.99
(","$38,171.28",Debit,
31 May,"Vodafone Australia North Sydney AU AUS
Card xx6915
Value Date: 28/05/2022
30.00
(","$38,141.28",Debit,
31 May,"WOOLWORTHS 3813 SOUTHBANK AU AUS
Card xx6915
Value Date: 29/05/2022
81.13
(","$38,060.15",Debit,
31 May,"LETSAVE FRANCHISING SOUTHBANK VI AUS
Card xx6915
Value Date: 26/05/2022
3.50
(","$38,056.65",Debit,
01 Jun,"UBER *TRIP Sydney AU AUS
Card xx6915
Value Date: 30/05/2022
11.91
(","$38,044.74",Debit,
01 Jun,"CWH SOUTHBANK SOUTHBANK VI AUS
Card xx6915
Value Date: 27/05/2022
21.98
(","$38,022.76",Debit,
01 Jun,"Hoyts 1300 345 664 NS AUS
Card xx6915
Value Date: 30/05/2022
51.00
(","$37,971.76",Debit,
01 Jun,"LIM*RIDE COST BARANGAROO NS AUS
Card xx6915
Value Date: 30/05/2022
3.70
(","$37,968.06",Debit,
01 Jun,"WOOLWORTHS 3813 SOUTHBANK AU AUS
Card xx6915
Value Date: 30/05/2022
17.77
(","$37,950.29",Debit,
01 Jun,"Transfer To TransferWise
CommBank App Self
110.00
(","$37,840.29",Debit,
02 Jun,"Return UpGrad SINGAPORE SG SGP
Card xx6915 AUD 250.00
Value Date: 31/05/2022
$
250.00","$38,090.29",Credit,"$38,090.29"
02 Jun,"WOOLWORTHS 3813 SOUTHBANK AU AUS
Card xx6915
Value Date: 31/05/2022
16.08
(","$38,074.21",Debit,
02 Jun,"APNA DESI INDIAN MELBOURNE VICAU
79.61
(","$37,994.60",Debit,
02 Jun,"ANJU HAIR & BEAUTY P MELBOURNE AU
20.00
(","$37,974.60",Debit,
04 Jun,"Domino's Estore Flinde dominos.com.a AU
Card xx6915
Value Date: 02/06/2022
15.00
(","$37,959.60",Debit,
07 Jun,"WOOLWORTHS 3813 SOUTHBANK AU AUS
Card xx6915
Value Date: 05/06/2022
119.76
(","$37,839.84",Debit,
07 Jun,"AMZNPRIMEAU MEMBERSHIP SYDNEY SOUTH NS A
Card xx6915
Value Date: 04/06/2022
6.99
(","$37,832.85",Debit,
07 Jun,"WOOLWORTHS 3813 SOUTHBANK AU AUS
Card xx6915
Value Date: 03/06/2022
27.15
(","$37,805.70",Debit,
08 Jun,"NETFLIX COM MELBOURNE AUS
Card xx6915
Value Date: 05/06/2022
22.99
(","$37,782.71",Debit,
08 Jun,"Statement 7                  
(Page 6 of 27)
Account Number
         
06 2948 21864865
6837.39976.3.15 ZZ258R9 0303
 SL.R9.S95O.D303.O
 V06.00.26
Date
Transaction
Debit
Credit
Balance

EZI*Winconnect Hawthorn East AU AUS
Card xx6915
Value Date: 06/06/2022
129.41
(","$37,628.27",Debit,
08 Jun,"WOOLWORTHS 3813 SOUTHBANK AU AUS
Card xx6915
Value Date: 06/06/2022
49.25
(","$37,579.02",Debit,
08 Jun,"IGA FRESHWATER PLC SOUTHBANK AU
5.99
(","$37,573.03",Debit,
08 Jun,"SRI DURGA ARTS CULTURAL A ROCKBAN VIC AU
Card xx6915
21.00
(","$37,552.03",Debit,
08 Jun,"APNA DESI INDIAN MELBOURNE VICAU
23.48
(","$37,528.55",Debit,
09 Jun,"PAYPAL *UDACITY INC 4029357733 AU AUS
Card xx6915
Value Date: 07/06/2022
147.25
(","$37,381.30",Debit,
10 Jun,"PAYPAL *VODAFONEHUT 01300650410 AU AUS
Card xx6915
Value Date: 08/06/2022
30.00
(","$37,351.30",Debit,
10 Jun,"NEURON MOBILITY AU HAWTHORN VI AUS
Card xx6915
Value Date: 08/06/2022
6.40
(","$37,344.90",Debit,
10 Jun,"UBER *TRIP Sydney AU AUS
Card xx6915
Value Date: 08/06/2022
16.73
(","$37,328.17",Debit,
10 Jun,"UBER* TRIP SYDNEY NS AUS
Card xx6915
Value Date: 08/06/2022
14.72
(","$37,313.45",Debit,
11 Jun,"DEFT RENT NetBank BPAY 4481
45369717 Rent
1,716.00
(","$35,597.45",Debit,
13 Jun,"LADY BARBER HLU MELBOURNE AU
26.00
(","$35,471.45",Debit,
14 Jun,"PAYPAL *EXPRESSVPN 402-935-7733 DE USA
Card xx6915 AUD 19.02
Value Date: 10/06/2022
19.02
(","$35,452.43",Debit,
14 Jun,"WOOLWORTHS 3813 SOUTHBANK AU AUS
Card xx6915
Value Date: 10/06/2022
30.00
(","$35,422.43",Debit,
14 Jun,"NEURON MOBILITY AU HAWTHORN VI AUS
Card xx6915
Value Date: 10/06/2022
6.20
(","$35,416.23",Debit,
14 Jun,"WOOLWORTHS 3813 SOUTHBANK AU AUS
Card xx6915
Value Date: 10/06/2022
89.55
(","$35,326.68",Debit,
14 Jun,"WOOLWORTHS 3813 SOUTHBANK AU AUS
Card xx6915
Value Date: 10/06/2022
6.16
(","$35,320.52",Debit,
14 Jun,"IGA FRESHWATER PLC SOUTHBANK AU
4.99
(","$35,315.53",Debit,
14 Jun,"Salary SapientRazorfish
96
$
9,880.66","$45,196.19",Credit,"$45,196.19"
15 Jun,"ZEE5 - Asia TV Ltd London GB GBR
Card xx6915 AUD 9.99
Value Date: 13/06/2022
9.99
(","$45,186.20",Debit,
16 Jun,"Statement 7                  
(Page 7 of 27)
Account Number
         
06 2948 21864865
6837.39977.4.15 ZZ258R9 0303
 SL.R9.S95O.D303.O
 V06.00.26
Date
Transaction
Debit
Credit
Balance

LIM*RIDE COST BARANGAROO NS AUS
Card xx6915
Value Date: 14/06/2022
3.70
(","$45,182.50",Debit,
17 Jun,"BUPA HI PTYLTD MELBOURNE AUS
Card xx6915
Value Date: 15/06/2022
199.76
(","$44,982.74",Debit,
17 Jun,"WOOLWORTHS 3813 SOUTHBANK AU AUS
Card xx6915
Value Date: 15/06/2022
15.40
(","$44,967.34",Debit,
17 Jun,"WOOLWORTHS 3813 SOUTHBANK AU AUS
Card xx6915
Value Date: 15/06/2022
80.56
(","$44,886.78",Debit,
18 Jun,"Return MyClinic Southbank Brighton VI AU
Card xx6915
Value Date: 16/06/2022
$
1.00","$44,887.78",Credit,"$44,887.78"
18 Jun,"MyClinic Southbank Brighton VI AUS
Card xx6915
Value Date: 16/06/2022
1.00
(","$44,886.78",Debit,
19 Jun,"P AND J VIRGONA TRAD SOUTH MELBOURAU
Card xx6915
60.00
(","$44,826.78",Debit,
21 Jun,"FIBREWORKS INTERNET PT MALAGA AUS
Card xx6915
Value Date: 20/06/2022
79.95
(","$44,746.83",Debit,
21 Jun,"NEURON MOBILITY AU HAWTHORN VI AUS
Card xx6915
Value Date: 19/06/2022
8.15
(","$44,738.68",Debit,
21 Jun,"WOOLWORTHS 3813 SOUTHBANK AU AUS
Card xx6915
Value Date: 19/06/2022
66.36
(","$44,672.32",Debit,
21 Jun,"KMART 1384 MELBOURNE AU AUS
Card xx6915
Value Date: 17/06/2022
55.00
(","$44,617.32",Debit,
21 Jun,"ISK CON INC GIFT SHO ALBERT PARK VI AUS
Card xx6915
Value Date: 17/06/2022
14.00
(","$44,603.32",Debit,
21 Jun,"ISK CON INC GIFT SHO ALBERT PARK VI AUS
Card xx6915
Value Date: 17/06/2022
5.00
(","$44,598.32",Debit,
21 Jun,"POST MELB COLLINS ST WMELBOURNE VICAU
9.20
(","$44,589.12",Debit,
23 Jun,"WOOLWORTHS 3813 SOUTHBANK AU AUS
Card xx6915
Value Date: 21/06/2022
65.07
(","$44,524.05",Debit,
24 Jun,"WOOLWORTHS 3813 SOUTHBANK AU AUS
Card xx6915
Value Date: 22/06/2022
31.30
(","$44,492.75",Debit,
24 Jun,"SRI DURGA ARTS CULTURAL A ROCKBAN VIC AU
Card xx6915
201.00
(","$44,291.75",Debit,
24 Jun,"APNA DESI INDIAN MELBOURNE VICAU
78.03
(","$44,213.72",Debit,
25 Jun,"WOOLWORTHS 3813 SOUTHBANK AU AUS
Card xx6915
Value Date: 23/06/2022
67.49
(","$44,146.23",Debit,
25 Jun,"WOOLWORTHS 3813 SOUTHBANK VIC AU
7.00
(","$44,139.23",Debit,
26 Jun,"WOOLWORTHS 3813 SOUTHBANK VIC AU
3.00
(","$44,136.23",Debit,
26 Jun,"ISK CON INC GIFT SHO ALBERT PARK VICAU
10.00
(","$44,126.23",Debit,
26 Jun,"Statement 7                  
(Page 8 of 27)
Account Number
         
06 2948 21864865
6837.39977.4.15 ZZ258R9 0303
 SL.R9.S95O.D303.O
 V06.00.26
Date
Transaction
Debit
Credit
Balance

Transfer To R KUMAR
PayID Phone from CommBank App
Pooja
25.00
(","$44,101.23",Debit,
27 Jun,"MYCLINIC SOUTHBANK SOUTHBANK AU
2.00
(","$44,099.23",Debit,
28 Jun,"Return MyClinic Southbank Brighton VI AU
Card xx6915
Value Date: 25/06/2022
$
1.00","$44,100.23",Credit,"$44,100.23"
28 Jun,"Return MyClinic Southbank Brighton VI AU
Card xx6915
Value Date: 25/06/2022
$
1.00","$44,101.23",Credit,"$44,101.23"
28 Jun,"PAYPAL *VODAFONEHUT 01300650410 AU AUS
Card xx6915
Value Date: 26/06/2022
25.00
(","$44,076.23",Debit,
28 Jun,"NEURON MOBILITY AU HAWTHORN VI AUS
Card xx6915
Value Date: 26/06/2022
11.80
(","$44,064.43",Debit,
28 Jun,"NEURON MOBILITY AU HAWTHORN VI AUS
Card xx6915
Value Date: 26/06/2022
4.15
(","$44,060.28",Debit,
28 Jun,"NEURON MOBILITY AU HAWTHORN VI AUS
Card xx6915
Value Date: 26/06/2022
3.25
(","$44,057.03",Debit,
28 Jun,"MyClinic Southbank Brighton VI AUS
Card xx6915
Value Date: 25/06/2022
1.00
(","$44,056.03",Debit,
28 Jun,"MyClinic Southbank Brighton VI AUS
Card xx6915
Value Date: 25/06/2022
1.00
(","$44,055.03",Debit,
28 Jun,"LIM*RIDE COST BARANGAROO NS AUS
Card xx6915
Value Date: 24/06/2022
0.90
(","$44,054.13",Debit,
28 Jun,"UBER *TRIP Sydney AU AUS
Card xx6915
Value Date: 24/06/2022
16.82
(","$44,037.31",Debit,
28 Jun,"UBER *TRIP Sydney AU AUS
Card xx6915
Value Date: 24/06/2022
14.73
(","$44,022.58",Debit,
28 Jun,"NEURON MOBILITY AU HAWTHORN VI AUS
Card xx6915
Value Date: 24/06/2022
4.60
(","$44,017.98",Debit,
29 Jun,"AUST FEDERAL POLICE SYDNEY NS AUS
Card xx6915
Value Date: 27/06/2022
84.22
(","$43,933.76",Debit,
30 Jun,"PAYPAL *VILLAGECINE 4029357733 AU AUS
Card xx6915
Value Date: 28/06/2022
38.00
(","$43,895.76",Debit,
30 Jun,"WOOLWORTHS 3813 SOUTHBANK AU AUS
Card xx6915
Value Date: 28/06/2022
3.65
(","$43,892.11",Debit,
01 Jul,"Statement 7                  
(Page 9 of 27)
Account Number
         
06 2948 21864865
6837.39978.5.15 ZZ258R9 0303
 SL.R9.S95O.D303.O
 V06.00.26
Date
Transaction
Debit
Credit
Balance

UBER *TRIP Sydney AU AUS
Card xx6915
Value Date: 29/06/2022
10.55
(","$43,830.36",Debit,
01 Jul,"UBER *TRIP Sydney AU AUS
Card xx6915
Value Date: 29/06/2022
10.12
(","$43,820.24",Debit,
01 Jul,"UBER *TRIP Sydney AU AUS
Card xx6915
Value Date: 29/06/2022
13.15
(","$43,807.09",Debit,
01 Jul,"NEURON MOBILITY AU HAWTHORN VI AUS
Card xx6915
Value Date: 29/06/2022
8.20
(","$43,780.89",Debit,
01 Jul,"WOOLWORTHS 3813 SOUTHBANK AU AUS
Card xx6915
Value Date: 29/06/2022
23.40
(","$43,757.49",Debit,
02 Jul,"PAYPAL *DISNEYPLUS 4029357733 AU AUS
Card xx6915
Value Date: 29/06/2022
11.99
(","$43,745.50",Debit,
02 Jul,"CLARKS MARIBYRNONG MARIBYRNONG AU
189.00
(","$43,556.50",Debit,
02 Jul,"TOP JUICE HIGHPOINT MARIBYRNONG AU
Card xx6915
6.90
(","$43,549.60",Debit,
02 Jul,"CUTE CUTIE MARIBYRNONG AU
Card xx6915
90.00
(","$43,459.60",Debit,
04 Jul,"Transfer To TransferWise
CommBank App Self
2,000.00
(","$41,367.48",Debit,
04 Jul,"CWH SOUTHBANK SOUTHBANK AU
63.38
(","$41,304.10",Debit,
05 Jul,"WOOLWORTHS 3813 SOUTHBANK AU AUS
Card xx6915
Value Date: 03/07/2022
50.30
(","$41,253.80",Debit,
05 Jul,"UBER* TRIP SYDNEY NS AUS
Card xx6915
Value Date: 02/07/2022
15.30
(","$41,238.50",Debit,
05 Jul,"NEURON MOBILITY AU HAWTHORN VI AUS
Card xx6915
Value Date: 02/07/2022
6.85
(","$41,231.65",Debit,
05 Jul,"SHAVER SHOP MARIBYRNON MARIBYRNONG AU AU
Card xx6915
Value Date: 02/07/2022
249.95
(","$40,981.70",Debit,
05 Jul,"PO:2286527-SARAVANAA B MELBOURNE VI AUS
Card xx6915
Value Date: 02/07/2022
40.79
(","$40,940.91",Debit,
05 Jul,"WOOLWORTHS 3813 SOUTHBANK AU AUS
Card xx6915
Value Date: 02/07/2022
135.83
(","$40,805.08",Debit,
05 Jul,"PAYPAL *FACEBOOK FACEB 4029357733 AU AUS
Card xx6915
Value Date: 01/07/2022
5.28
(","$40,799.80",Debit,
05 Jul,"Statement 7                  
(Page 10 of 27)
Account Number
         
06 2948 21864865
6837.39978.5.15 ZZ258R9 0303
 SL.R9.S95O.D303.O
 V06.00.26
Date
Transaction
Debit
Credit
Balance

WOOLWORTHS 3813 SOUTHBANK AU AUS
Card xx6915
Value Date: 01/07/2022
3.65
(","$40,796.15",Debit,
06 Jul,"Netflix.com Melbourne VI AUS
Card xx6915
Value Date: 05/07/2022
22.99
(","$40,773.16",Debit,
06 Jul,"AMZNPRIMEAU MEMBERSHIP SYDNEY SOUTH NS A
Card xx6915
Value Date: 04/07/2022
6.99
(","$40,766.17",Debit,
06 Jul,"WALKERS STOP CONVENI MELBOURNE VI AUS
Card xx6915
Value Date: 02/07/2022
26.98
(","$40,739.19",Debit,
06 Jul,"WOOLWORTHS 3813 SOUTHBANK AU AUS
Card xx6915
Value Date: 04/07/2022
4.00
(","$40,735.19",Debit,
07 Jul,"CWH SOUTHBANK SOUTHBANK VI AUS
Card xx6915
Value Date: 04/07/2022
12.39
(","$40,722.80",Debit,
07 Jul,"NEURON MOBILITY AU HAWTHORN VI AUS
Card xx6915
Value Date: 05/07/2022
3.25
(","$40,719.55",Debit,
07 Jul,"IGA FRESHWATER PLC SOUTHBANK AU
4.49
(","$40,715.06",Debit,
09 Jul,"PAYPAL *UDACITY INC 4029357733 AU AUS
Card xx6915
Value Date: 07/07/2022
147.25
(","$40,567.81",Debit,
09 Jul,"Vodafone Australia North Sydney AU AUS
Card xx6915
Value Date: 07/07/2022
20.00
(","$40,547.81",Debit,
09 Jul,"EZI*Winconnect Hawthorn East AU AUS
Card xx6915
Value Date: 07/07/2022
139.72
(","$40,408.09",Debit,
10 Jul,"SQ *SHRI FRUIT AND VEG Melbourne AU
20.00
(","$40,388.09",Debit,
10 Jul,"SQ *CHILLI EVEREST Melbourne AU
33.80
(","$40,354.29",Debit,
11 Jul,"DEFT RENT NetBank BPAY 4481
45369717 Rent
1,716.00
(","$38,638.29",Debit,
12 Jul,"NEURON MOBILITY AU HAWTHORN VI AUS
Card xx6915
Value Date: 09/07/2022
28.95
(","$38,609.34",Debit,
12 Jul,"WOOLWORTHS 3813 SOUTHBANK AU AUS
Card xx6915
Value Date: 08/07/2022
153.77
(","$38,455.57",Debit,
13 Jul,"BROTHER HATTERS MELBOURNE VI AUS
Card xx6915
Value Date: 10/07/2022
25.00
(","$38,430.57",Debit,
13 Jul,"PINO GIUSEPPE PERILL MELBOURNE VI AUS
Card xx6915
Value Date: 10/07/2022
12.00
(","$38,418.57",Debit,
13 Jul,"OZZIE SOUVENIRS POINT COOK VI AUS
Card xx6915
Value Date: 10/07/2022
120.00
(","$38,298.57",Debit,
13 Jul,"PAYPAL *EXPRESSVPN 402-935-7733 DE USA
Card xx6915 AUD 19.87
Value Date: 10/07/2022
19.87
(","$38,278.70",Debit,
13 Jul,"Statement 7                  
(Page 11 of 27)
Account Number
         
06 2948 21864865
6837.39979.6.15 ZZ258R9 0303
 SL.R9.S95O.D303.O
 V06.00.26
Date
Transaction
Debit
Credit
Balance

THE APPLE CORNER AVONDALE HEIG VI AUS
Card xx6915
Value Date: 10/07/2022
15.65
(","$38,263.05",Debit,
13 Jul,"LETSAVE FRANCHISING SOUTHBANK VI AUS
Card xx6915
Value Date: 11/07/2022
76.25
(","$38,186.80",Debit,
13 Jul,"WOOLWORTHS 3813 SOUTHBANK AU AUS
Card xx6915
Value Date: 11/07/2022
26.70
(","$38,160.10",Debit,
14 Jul,"Salary SapientRazorfish
98
$
9,880.66","$48,040.76",Credit,"$48,040.76"
14 Jul,"FAM LI PTY LTD SOUTH MELBOURAU
Card xx6915
17.95
(","$48,022.81",Debit,
15 Jul,"ZEE5 - Asia TV Ltd London GB GBR
Card xx6915 AUD 9.99
Value Date: 13/07/2022
9.99
(","$48,012.82",Debit,
15 Jul,"CWH SOUTHBANK SOUTHBANK VI AUS
Card xx6915
Value Date: 13/07/2022
210.90
(","$47,801.92",Debit,
15 Jul,"WOOLWORTHS 3813 SOUTHBANK AU AUS
Card xx6915
Value Date: 13/07/2022
120.41
(","$47,681.51",Debit,
15 Jul,"WOOLWORTHS 3813 SOUTHBANK AU AUS
Card xx6915
Value Date: 13/07/2022
12.30
(","$47,669.21",Debit,
16 Jul,"NEURON MOBILITY AU HAWTHORN VI AUS
Card xx6915
Value Date: 14/07/2022
6.40
(","$47,662.81",Debit,
16 Jul,"NEURON MOBILITY AU HAWTHORN VI AUS
Card xx6915
Value Date: 14/07/2022
6.85
(","$47,655.96",Debit,
16 Jul,"NEURON MOBILITY AU HAWTHORN VI AUS
Card xx6915
Value Date: 14/07/2022
2.35
(","$47,653.61",Debit,
16 Jul,"NEURON MOBILITY AU HAWTHORN VI AUS
Card xx6915
Value Date: 14/07/2022
9.55
(","$47,644.06",Debit,
17 Jul,"WOOLWORTHS 3813 SOUTHBANK VIC AU
88.33
(","$47,555.73",Debit,
18 Jul,"APNA DESI INDIAN MELBOURNE VICAU
117.51
(","$47,438.22",Debit,
19 Jul,"WOOLWORTHS 3813 SOUTHBANK AU AUS
Card xx6915
Value Date: 16/07/2022
2.12
(","$47,436.10",Debit,
19 Jul,"WOOLWORTHS 3813 SOUTHBANK AU AUS
Card xx6915
Value Date: 16/07/2022
2.50
(","$47,433.60",Debit,
20 Jul,"FIBREWORKS INTERNET PT MALAGA AUS
Card xx6915
Value Date: 19/07/2022
79.95
(","$47,353.65",Debit,
20 Jul,"WALKERS STOP CONVENI MELBOURNE VI AUS
Card xx6915
Value Date: 18/07/2022
44.37
(","$47,309.28",Debit,
20 Jul,"Relaxation Station Ocean GrovVICAU
4.25
(","$47,305.03",Debit,
20 Jul,"Relaxation Station Ocean GrovVICAU
4.25
(","$47,300.78",Debit,
21 Jul,"Statement 7                  
(Page 12 of 27)
Account Number
         
06 2948 21864865
6837.39979.6.15 ZZ258R9 0303
 SL.R9.S95O.D303.O
 V06.00.26
Date
Transaction
Debit
Credit
Balance

PAYPAL *FACEBOOK FACEB 35314369001 IR IR
Card xx6915 AUD 7.32
Value Date: 19/07/2022
7.32
(","$47,293.46",Debit,
21 Jul,"YUPPTV USA INC. ALPHARETTA GA USA
Card xx6915 AUD 13.72
Value Date: 19/07/2022
13.72
(","$47,279.74",Debit,
21 Jul,"WOOLWORTHS 3813 SOUTHBANK AU AUS
Card xx6915
Value Date: 19/07/2022
23.90
(","$47,255.84",Debit,
22 Jul,"QUICKFIX PHONE REPAI DOCKLANDS VI AUS
Card xx6915
Value Date: 20/07/2022
25.00
(","$47,230.84",Debit,
22 Jul,"PO:2344720-SARAVANAA B MELBOURNE VI AUS
Card xx6915
Value Date: 20/07/2022
30.80
(","$47,200.04",Debit,
22 Jul,"WOOLWORTHS 3813 SOUTHBANK AU AUS
Card xx6915
Value Date: 20/07/2022
45.08
(","$47,154.96",Debit,
23 Jul,"BALLARAT WILDLIFE AND BALLARAT EAST VI A
Card xx6915
Value Date: 21/07/2022
80.00
(","$47,074.96",Debit,
23 Jul,"BALLARAT WILDLIFE AND BALLARAT EAST VI A
Card xx6915
Value Date: 21/07/2022
7.30
(","$47,067.66",Debit,
23 Jul,"UBER *TRIP Sydney AU AUS
Card xx6915
Value Date: 21/07/2022
10.56
(","$47,057.10",Debit,
23 Jul,"UBER *TRIP Sydney AU AUS
Card xx6915
Value Date: 21/07/2022
13.89
(","$47,043.21",Debit,
23 Jul,"UBER *TRIP Sydney AU AUS
Card xx6915
Value Date: 21/07/2022
13.86
(","$47,029.35",Debit,
23 Jul,"CHEMIST WAREHOUSE DOCKLANDS VI AUS
Card xx6915
Value Date: 20/07/2022
31.49
(","$46,997.86",Debit,
23 Jul,"NEURON MOBILITY AU HAWTHORN VI AUS
Card xx6915
Value Date: 21/07/2022
5.05
(","$46,992.81",Debit,
24 Jul,"2XU SOUTH WHARF SOUTH WHARF VICAU
60.00
(","$46,932.81",Debit,
24 Jul,"KMART 1384 MELBOURNE AU
1.75
(","$46,931.06",Debit,
26 Jul,"KMART 1384 MELBOURNE AU AUS
Card xx6915
Value Date: 23/07/2022
149.50
(","$46,775.57",Debit,
26 Jul,"NEURON MOBILITY AU HAWTHORN VI AUS
Card xx6915
Value Date: 24/07/2022
10.10
(","$46,747.47",Debit,
26 Jul,"Statement 7                  
(Page 13 of 27)
Account Number
         
06 2948 21864865
6837.39980.7.15 ZZ258R9 0303
 SL.R9.S95O.D303.O
 V06.00.26
Date
Transaction
Debit
Credit
Balance

NEURON MOBILITY AU HAWTHORN VI AUS
Card xx6915
Value Date: 24/07/2022
4.90
(","$46,742.57",Debit,
26 Jul,"NEURON MOBILITY AU HAWTHORN VI AUS
Card xx6915
Value Date: 23/07/2022
6.85
(","$46,735.72",Debit,
26 Jul,"WOOLWORTHS 3813 SOUTHBANK AU AUS
Card xx6915
Value Date: 23/07/2022
21.44
(","$46,714.28",Debit,
26 Jul,"Guzman y Gomez Swanst Melbourne VI AUS
Card xx6915
Value Date: 23/07/2022
20.40
(","$46,693.88",Debit,
26 Jul,"PAYPAL *VILLAGECINE 4029357733 AU AUS
Card xx6915
Value Date: 22/07/2022
38.00
(","$46,655.88",Debit,
27 Jul,"EZYGROCER 567 COLLIN MELBOURNE AUS
Card xx6915
Value Date: 24/07/2022
2.03
(","$46,653.85",Debit,
27 Jul,"KMART 1384 MELBOURNE AU AUS
Card xx6915
Value Date: 24/07/2022
87.50
(","$46,566.35",Debit,
27 Jul,"WOOLWORTHS 3813 SOUTHBANK AU AUS
Card xx6915
Value Date: 25/07/2022
59.54
(","$46,506.81",Debit,
28 Jul,"UBER *EATS Sydney AU AUS
Card xx6915
Value Date: 26/07/2022
22.25
(","$46,484.56",Debit,
28 Jul,"Transfer To razi
CommBank App Self
495.00
(","$45,989.56",Debit,
29 Jul,"PAYPAL *VODAFONEHUT 4029357733 AU AUS
Card xx6915
Value Date: 27/07/2022
10.00
(","$45,979.56",Debit,
29 Jul,"PO:2368182-SARAVANAA B MELBOURNE VI AUS
Card xx6915
Value Date: 27/07/2022
36.79
(","$45,942.77",Debit,
29 Jul,"WOOLWORTHS 3813 SOUTHBANK AU AUS
Card xx6915
Value Date: 27/07/2022
14.15
(","$45,928.62",Debit,
29 Jul,"WOOLWORTHS 3813 SOUTHBANK VIC AU
7.00
(","$45,921.62",Debit,
30 Jul,"UBER* EATS SYDNEY NS AUS
Card xx6915
Value Date: 28/07/2022
19.26
(","$45,902.36",Debit,
30 Jul,"UBER *EATS Sydney AU AUS
Card xx6915
Value Date: 27/07/2022
19.26
(","$45,883.10",Debit,
30 Jul,"SHOE WAREHOUSE SOUTH SOUTHBANK AU
149.00
(","$45,734.10",Debit,
30 Jul,"ROADHOUSE SOUTH WHAR SOUTH WHARF AU
100.00
(","$45,634.10",Debit,
30 Jul,"SKECHERS STH WHARF DOCKLANDS AU
149.99
(","$45,484.11",Debit,
30 Jul,"MAD MEX DFO SOUTH WHAR SOUTH WHARF AU
Card xx6915
14.50
(","$45,469.61",Debit,
31 Jul,"APNA DESI INDIAN MELBOURNE VICAU
74.80
(","$45,394.81",Debit,
31 Jul,"APNA DESI INDIAN MELBOURNE VICAU
8.88
(","$45,385.93",Debit,
01 Aug,"WOOLWORTHS 3813 SOUTHBANK VIC AU
16.19
(","$45,369.74",Debit,
02 Aug,"Statement 7                  
(Page 14 of 27)
Account Number
         
06 2948 21864865
6837.39980.7.15 ZZ258R9 0303
 SL.R9.S95O.D303.O
 V06.00.26
Date
Transaction
Debit
Credit
Balance

MLGB Pty Ltd South Wharf VI AUS
Card xx6915
Value Date: 30/07/2022
17.18
(","$45,352.56",Debit,
02 Aug,"NEURON MOBILITY AU HAWTHORN VI AUS
Card xx6915
Value Date: 30/07/2022
5.95
(","$45,346.61",Debit,
02 Aug,"WOOLWORTHS 3813 SOUTHBANK AU AUS
Card xx6915
Value Date: 30/07/2022
24.60
(","$45,322.01",Debit,
02 Aug,"PAYPAL *VODAFONEHUT 4029357733 AU AUS
Card xx6915
Value Date: 29/07/2022
7.00
(","$45,315.01",Debit,
02 Aug,"PAYPAL *DISNEYPLUS 4029357733 AU AUS
Card xx6915
Value Date: 29/07/2022
11.99
(","$45,303.02",Debit,
02 Aug,"UBER *EATS Sydney AU AUS
Card xx6915
Value Date: 29/07/2022
19.26
(","$45,283.76",Debit,
03 Aug,"PAYPAL *VODAFONEHUT 4029357733 AU AUS
Card xx6915
Value Date: 01/08/2022
7.00
(","$45,276.76",Debit,
03 Aug,"YUPPTV USA INC. ALPHARETTA GA USA
Card xx6915 AUD 29.68
Value Date: 01/08/2022
29.68
(","$45,247.08",Debit,
03 Aug,"ANJU HAIR & BEAUTY P MELBOURNE AU
22.00
(","$45,225.08",Debit,
04 Aug,"MYCLINIC BOURKE STREET MELBOURNE VI AUS
Card xx6915
Value Date: 02/08/2022
85.00
(","$45,140.08",Debit,
05 Aug,"PAYPAL *HOYTS 4029357733 AU AUS
Card xx6915
Value Date: 03/08/2022
46.20
(","$45,093.88",Debit,
05 Aug,"PAYPAL *VODAFONEHUT 4029357733 AU AUS
Card xx6915
Value Date: 03/08/2022
30.00
(","$45,063.88",Debit,
05 Aug,"UBER *EATS Sydney AU AUS
Card xx6915
Value Date: 03/08/2022
19.26
(","$45,044.62",Debit,
05 Aug,"BBNK AUSTRALIA INVES MELBOURNE VI AUS
Card xx6915
Value Date: 03/08/2022
10.10
(","$45,034.52",Debit,
05 Aug,"WOOLWORTHS 3813 SOUTHBANK AU AUS
Card xx6915
Value Date: 03/08/2022
22.19
(","$45,012.33",Debit,
05 Aug,"ANJU HAIR & BEAUTY P MELBOURNE AU
50.00
(","$44,962.33",Debit,
06 Aug,"PAYPAL *LINKEDIN 4029357733 SG SGP
Card xx6915 AUD 25.00
Value Date: 04/08/2022
25.00
(","$44,937.33",Debit,
06 Aug,"Netflix.com Melbourne VI AUS
Card xx6915
Value Date: 05/08/2022
22.99
(","$44,914.34",Debit,
06 Aug,"AMZNPRIMEAU MEMBERSHIP SYDNEY SOUTH NS A
Card xx6915
Value Date: 04/08/2022
6.99
(","$44,907.35",Debit,
06 Aug,"MYKI TARNEIT RS TNT TARNEIT VICAU
50.00
(","$44,857.35",Debit,
06 Aug,"MYKI TARNEIT RS TNT TARNEIT VICAU
50.00
(","$44,807.35",Debit,
08 Aug,"Statement 7                  
(Page 15 of 27)
Account Number
         
06 2948 21864865
6837.39981.8.15 ZZ258R9 0303
 SL.R9.S95O.D303.O
 V06.00.26
Date
Transaction
Debit
Credit
Balance

PLINE PH BOURKE ST M MELBOURNE VICAU
7.95
(","$44,799.40",Debit,
09 Aug,"LETSAVE FRANCHISING SOUTHBANK VI AUS
Card xx6915
Value Date: 06/08/2022
20.70
(","$44,818.45",Debit,
09 Aug,"VOIR HAIRDRESSING PT MELBOURNE VI AUS
Card xx6915
Value Date: 05/08/2022
50.00
(","$44,768.45",Debit,
09 Aug,"NEURON MOBILITY AU HAWTHORN VI AUS
Card xx6915
Value Date: 05/08/2022
8.15
(","$44,760.30",Debit,
09 Aug,"EZI*Winconnect Hawthorn East AU AUS
Card xx6915
Value Date: 05/08/2022
134.18
(","$44,626.12",Debit,
09 Aug,"WOOLWORTHS 3813 SOUTHBANK AU AUS
Card xx6915
Value Date: 05/08/2022
87.71
(","$44,538.41",Debit,
09 Aug,"PLINE PH BOURKE ST M MELBOURNE VICAU
3.79
(","$44,534.62",Debit,
09 Aug,"TROPICANA CBD PTY LTD MELBOURNE VIC AU
Card xx6915
7.80
(","$44,526.82",Debit,
09 Aug,"I-MED NETWORK LTD MELBOURNE AU
Card xx6915
204.40
(","$44,322.42",Debit,
09 Aug,"TROPICANA CBD PTY LTD MELBOURNE VIC AU
Card xx6915
7.80
(","$44,314.62",Debit,
10 Aug,"LIM*RIDE COST BARANGAROO NS AUS
Card xx6915
Value Date: 08/08/2022
0.90
(","$44,313.72",Debit,
10 Aug,"NEURON MOBILITY AU HAWTHORN VI AUS
Card xx6915
Value Date: 08/08/2022
5.05
(","$44,308.67",Debit,
11 Aug,"DEFT RENT NetBank BPAY 4481
45369717 Rent
1,716.00
(","$42,592.67",Debit,
11 Aug,"NEURON MOBILITY AU HAWTHORN VI AUS
Card xx6915
Value Date: 09/08/2022
5.50
(","$42,587.17",Debit,
11 Aug,"NEURON MOBILITY AU HAWTHORN VI AUS
Card xx6915
Value Date: 09/08/2022
9.10
(","$42,578.07",Debit,
11 Aug,"WOOLWORTHS 3813 SOUTHBANK AU AUS
Card xx6915
Value Date: 09/08/2022
28.69
(","$42,549.38",Debit,
11 Aug,"WOOLWORTHS 3813 SOUTHBANK AU AUS
Card xx6915
Value Date: 09/08/2022
10.60
(","$42,538.78",Debit,
11 Aug,"FG SB Pty Ltd T/A Fiv Southbank AU
9.00
(","$42,529.78",Debit,
12 Aug,"WOOLWORTHS 3813 SOUTHBANK VIC AU
21.80
(","$42,507.98",Debit,
12 Aug,"Salary SapientRazorfish
99
$
9,880.66","$52,388.64",Credit,"$52,388.64"
12 Aug,"Guzman y Gomez Swanst Melbourne AU
5.30
(","$52,383.34",Debit,
13 Aug,"PAYPAL *HOYTS 01300146987 AU AUS
Card xx6915
Value Date: 11/08/2022
46.20
(","$52,337.14",Debit,
13 Aug,"Statement 7                  
(Page 16 of 27)
Account Number
         
06 2948 21864865
6837.39981.8.15 ZZ258R9 0303
 SL.R9.S95O.D303.O
 V06.00.26
Date
Transaction
Debit
Credit
Balance

UBER *TRIP Sydney AU AUS
Card xx6915
Value Date: 11/08/2022
33.14
(","$52,304.00",Debit,
13 Aug,"UBER *TRIP Sydney AU AUS
Card xx6915
Value Date: 11/08/2022
14.69
(","$52,289.31",Debit,
13 Aug,"WOOLWORTHS 3813 SOUTHBANK VIC AU
41.68
(","$52,247.63",Debit,
13 Aug,"TOP JUICE HIGHPOINT MARIBYRNONG AU
7.00
(","$52,240.63",Debit,
13 Aug,"HIGHPOINT BEST BURRITO MARIBYRNONG AU
14.90
(","$52,225.73",Debit,
13 Aug,"FONEPART HIGHPOINT PTY MARIBYRNONG AU
45.00
(","$52,180.73",Debit,
14 Aug,"WOOLWORTHS 3813 SOUTHBANK VIC AU
4.50
(","$52,176.23",Debit,
14 Aug,"Etto Pasta Bar South MelbourAU
17.00
(","$52,159.23",Debit,
14 Aug,"WW METRO 3453 SOUTHBANK VIC AU
3.75
(","$52,155.48",Debit,
15 Aug,"WOOLWORTHS 3813 SOUTHBANK VIC AU
7.00
(","$52,188.23",Debit,
16 Aug,"APPLE R504 HIGHPOINT MARIBYRNONG VI AUS
Card xx6915
Value Date: 13/08/2022
78.87
(","$52,109.36",Debit,
16 Aug,"GUZMAN Y GOMEZ SURRY HILLS NS AUS
Card xx6915
Value Date: 12/08/2022
12.50
(","$52,096.86",Debit,
16 Aug,"ZEE5 - Asia TV Ltd London GB GBR
Card xx6915 AUD 9.99
Value Date: 12/08/2022
9.99
(","$52,086.87",Debit,
16 Aug,"MYCLINIC BOURKE STREET MELBOURNE VI AUS
Card xx6915
Value Date: 12/08/2022
85.00
(","$52,001.87",Debit,
16 Aug,"NEURON MOBILITY AU HAWTHORN VI AUS
Card xx6915
Value Date: 12/08/2022
2.35
(","$51,999.52",Debit,
16 Aug,"WOOLWORTHS 3813 SOUTHBANK VIC AU
82.54
(","$51,916.98",Debit,
16 Aug,"WOOLWORTHS 3813 SOUTHBANK VIC AU
0.15
(","$51,916.83",Debit,
17 Aug,"UBER *EATS Sydney AU AUS
Card xx6915
Value Date: 15/08/2022
44.23
(","$51,872.60",Debit,
17 Aug,"VALLEYGIRL MELBOURNE AU
Card xx6915
31.99
(","$51,840.61",Debit,
17 Aug,"TROPICANA CBD PTY LTD MELBOURNE VIC AU
Card xx6915
7.80
(","$51,832.81",Debit,
17 Aug,"WOOLWORTHS 3813 SOUTHBANK VIC AU
1.00
(","$51,831.81",Debit,
18 Aug,"Return UBER *EATS Sydney AU AUS
Card xx6915
Value Date: 16/08/2022
$
42.24","$51,874.05",Credit,"$51,874.05"
18 Aug,"VIC ROADS IVR KEW EAST VI AUS
Card xx6915
Value Date: 15/08/2022
67.06
(","$51,806.99",Debit,
18 Aug,"Snacks R US WilliamstoVICAU
3.00
(","$51,803.99",Debit,
18 Aug,"Snacks R US WilliamstoVICAU
3.50
(","$51,800.49",Debit,
18 Aug,"Thailander Riverside Southbank AU
15.90
(","$51,784.59",Debit,
18 Aug,"WOOLWORTHS 3813 SOUTHBANK VIC AU
27.55
(","$51,757.04",Debit,
19 Aug,"Statement 7                  
(Page 17 of 27)
Account Number
         
06 2948 21864865
6837.39982.9.15 ZZ258R9 0303
 SL.R9.S95O.D303.O
 V06.00.26
Date
Transaction
Debit
Credit
Balance

WOOLWORTHS 3813 SOUTHBANK AU AUS
Card xx6915
Value Date: 17/08/2022
72.00
(","$51,685.04",Debit,
19 Aug,"PORTMANS DOCKLANDS AU
102.45
(","$51,582.59",Debit,
19 Aug,"SQ *THE BURRITO MAN Docklands AU
31.80
(","$51,550.79",Debit,
19 Aug,"APNA DESI INDIAN MELBOURNE VICAU
6.99
(","$51,543.80",Debit,
20 Aug,"FIBREWORKS INTERNET PT MALAGA AUS
Card xx6915
Value Date: 19/08/2022
79.95
(","$51,463.85",Debit,
20 Aug,"BUPA MEDICAL VISA MELBOURNE AUS
Card xx6915
Value Date: 18/08/2022
400.67
(","$51,063.18",Debit,
20 Aug,"BUPA MEDICAL VISA MELBOURNE AUS
Card xx6915
Value Date: 18/08/2022
400.67
(","$50,662.51",Debit,
20 Aug,"UBER *TRIP Sydney AU AUS
Card xx6915
Value Date: 18/08/2022
83.73
(","$50,578.78",Debit,
20 Aug,"KMART 1384 MELBOURNE AU AUS
Card xx6915
Value Date: 17/08/2022
132.00
(","$50,446.78",Debit,
20 Aug,"WOOLWORTHS 3813 SOUTHBANK AU AUS
Card xx6915
Value Date: 18/08/2022
6.39
(","$50,440.39",Debit,
20 Aug,"SQ *CHILLI EVEREST Melbourne AU
25.80
(","$50,414.59",Debit,
20 Aug,"CELLABRATION SOUTHBANK SOUTHBANK VIC AU
20.00
(","$50,394.59",Debit,
23 Aug,"LETSAVE FRANCHISING SOUTHBANK VI AUS
Card xx6915
Value Date: 20/08/2022
24.14
(","$50,370.45",Debit,
23 Aug,"WOOLWORTHS 3813 SOUTHBANK AU AUS
Card xx6915
Value Date: 21/08/2022
75.60
(","$50,294.85",Debit,
23 Aug,"STURT ST IGA SOUTH MELBOURNE AU
64.22
(","$50,230.63",Debit,
24 Aug,"NEURON MOBILITY AU HAWTHORN VI AUS
Card xx6915
Value Date: 22/08/2022
5.50
(","$50,225.13",Debit,
25 Aug,"PAYPAL *FREELANCER 4029357733 AU AUS
Card xx6915
Value Date: 23/08/2022
8.23
(","$50,216.90",Debit,
25 Aug,"PAYPAL *FREELANCER 4029357733 AU AUS
Card xx6915
Value Date: 23/08/2022
8.23
(","$50,208.67",Debit,
25 Aug,"WOOLWORTHS 3813 SOUTHBANK AU AUS
Card xx6915
Value Date: 23/08/2022
15.40
(","$50,193.27",Debit,
26 Aug,"WALKERS STOP CONVENI MELBOURNE VI AUS
Card xx6915
Value Date: 24/08/2022
53.11
(","$50,140.16",Debit,
26 Aug,"NEURON MOBILITY AU HAWTHORN VI AUS
Card xx6915
Value Date: 24/08/2022
4.10
(","$50,130.07",Debit,
26 Aug,"Statement 7                  
(Page 18 of 27)
Account Number
         
06 2948 21864865
6837.39982.9.15 ZZ258R9 0303
 SL.R9.S95O.D303.O
 V06.00.26
Date
Transaction
Debit
Credit
Balance

Direct Credit 067596 SAPIENT NITRO PT
INV AU5096579 DE
$
83.73","$50,213.80",Credit,"$50,213.80"
29 Aug,"APNA DESI INDIAN MELBOURNE VICAU
27.74
(","$50,186.06",Debit,
29 Aug,"APNA DESI INDIAN MELBOURNE VICAU
13.96
(","$50,172.10",Debit,
29 Aug,"APNA DESI INDIAN MELBOURNE VICAU
10.40
(","$50,161.70",Debit,
30 Aug,"PAYPAL *DOMINOS 01800805888 AU AUS
Card xx6915
Value Date: 27/08/2022
25.39
(","$50,136.31",Debit,
30 Aug,"SMP*Om Veg Collins St Melbourne AU AUS
Card xx6915
Value Date: 27/08/2022
10.65
(","$50,125.66",Debit,
30 Aug,"BUPA HI P T PHI MELBOURNE VI AUS
Card xx6915
Value Date: 26/08/2022
199.76
(","$49,925.90",Debit,
30 Aug,"PAYPAL *VODAFONEHUT 01300650410 AU AUS
Card xx6915
Value Date: 26/08/2022
7.00
(","$49,918.90",Debit,
30 Aug,"PAYPAL *VODAFONEHUT 01300650410 AU AUS
Card xx6915
Value Date: 26/08/2022
7.00
(","$49,911.90",Debit,
30 Aug,"WOOLWORTHS 3813 SOUTHBANK AU AUS
Card xx6915
Value Date: 26/08/2022
127.96
(","$49,783.94",Debit,
31 Aug,"PAYPAL *VODAFONEHUT 01300650410 AU AUS
Card xx6915
Value Date: 29/08/2022
30.00
(","$49,753.94",Debit,
01 Sep,"WOOLWORTHS 3813 SOUTHBANK AU AUS
Card xx6915
Value Date: 30/08/2022
13.16
(","$49,740.78",Debit,
01 Sep,"PAYPAL *DISNEYPLUS 4029357733 AU AUS
Card xx6915
Value Date: 29/08/2022
11.99
(","$49,728.79",Debit,
01 Sep,"WOOLWORTHS 3813 SOUTHBANK AU AUS
Card xx6915
Value Date: 30/08/2022
38.52
(","$49,690.27",Debit,
01 Sep,"WOOLWORTHS 3813 SOUTHBANK VIC AU
7.10
(","$49,683.17",Debit,
02 Sep,"Direct Credit 067596 SAPIENT NITRO PT
INV AU5096581 DE
$
801.34","$50,484.51",Credit,"$50,484.51"
03 Sep,"TRIPODI TRADING PTY VICVIC AUS
Card xx6915
Value Date: 31/08/2022
20.24
(","$50,464.27",Debit,
03 Sep,"PAYPAL *VODAFONEHUT 4029357733 AU AUS
Card xx6915
Value Date: 01/09/2022
30.00
(","$50,434.27",Debit,
03 Sep,"YUPPTV USA INC. ALPHARETTA GA USA
Card xx6915 AUD 29.68
Value Date: 01/09/2022
29.68
(","$50,404.59",Debit,
03 Sep,"ZHUO YANG MELBOURNE AU
23.30
(","$50,381.29",Debit,
03 Sep,"MARKET BOYS PTY LTD GREENVALE AU
Card xx6915
10.20
(","$50,371.09",Debit,
03 Sep,"LUMPY BROTHERS PTY LTD AVONDALE HEIGAU
Card xx6915
13.00
(","$50,358.09",Debit,
03 Sep,"YARA FRESH FRUITS AND VEG Melbour VIC AU
Card xx6915
11.20
(","$50,346.89",Debit,
05 Sep,"Statement 7                  
(Page 19 of 27)
Account Number
         
06 2948 21864865
6837.39983.10.15 ZZ258R9 0303
 SL.R9.S95O.D303.O
 V06.00.26
Date
Transaction
Debit
Credit
Balance

Transfer to xx3208 CommBank app
Savings
48,000.00
(","$2,346.89",Debit,
06 Sep,"PAYPAL *LINKEDIN 4029357733 SG SGP
Card xx6915 AUD 25.00
Value Date: 04/09/2022
25.00
(","$2,321.89",Debit,
06 Sep,"Netflix.com Melbourne VI AUS
Card xx6915
Value Date: 05/09/2022
22.99
(","$2,298.90",Debit,
06 Sep,"AMZNPRIMEAU MEMBERSHIP SYDNEY SOUTH NS A
Card xx6915
Value Date: 04/09/2022
6.99
(","$2,291.91",Debit,
06 Sep,"WOOLWORTHS 3813 SOUTHBANK AU AUS
Card xx6915
Value Date: 04/09/2022
22.20
(","$2,269.71",Debit,
06 Sep,"ZLR*ORCHARD WHOLEFOOD Melbourne AU AUS
Card xx6915
Value Date: 03/09/2022
55.00
(","$2,214.71",Debit,
06 Sep,"WOOLWORTHS 3813 SOUTHBANK AU AUS
Card xx6915
Value Date: 02/09/2022
79.77
(","$2,134.94",Debit,
06 Sep,"GURM ENTERPRISES PTY L SOUTH MELBOURAU
Card xx6915
14.95
(","$2,119.99",Debit,
09 Sep,"WALKERS STOP CONVENI MELBOURNE VI AUS
Card xx6915
Value Date: 06/09/2022
35.51
(","$2,084.48",Debit,
09 Sep,"WOOLWORTHS 3813 SOUTHBANK AU AUS
Card xx6915
Value Date: 07/09/2022
4.10
(","$2,080.38",Debit,
09 Sep,"WOOLWORTHS 3813 SOUTHBANK AU AUS
Card xx6915
Value Date: 07/09/2022
25.47
(","$2,054.91",Debit,
10 Sep,"WOOLWORTHS 3813 SOUTHBANK VIC AU
11.00
(","$2,043.91",Debit,
11 Sep,"Direct Credit 012721 ATO
ATO004000016814052
$
2,511.05","$4,554.96",Credit,"$4,554.96"
11 Sep,"DEFT RENT NetBank BPAY 4481
45369717 Rent
1,716.00
(","$2,838.96",Debit,
11 Sep,"YARA FRESH FRUITS AND VEG Melbour VIC AU
Card xx6915
19.30
(","$2,819.66",Debit,
11 Sep,"MARKET BOYS PTY LTD GREENVALE AU
Card xx6915
9.00
(","$2,810.66",Debit,
11 Sep,"SQ *LUGGAGE 2 U Melbourne AU
39.00
(","$2,771.66",Debit,
13 Sep,"ZEE5 - Asia TV Ltd London GB GBR
Card xx6915 AUD 9.99
Value Date: 11/09/2022
9.99
(","$2,761.67",Debit,
13 Sep,"WOOLWORTHS 3813 SOUTHBANK AU AUS
Card xx6915
Value Date: 11/09/2022
75.66
(","$2,686.01",Debit,
13 Sep,"WOOLWORTHS 3813 SOUTHBANK AU AUS
Card xx6915
Value Date: 11/09/2022
12.30
(","$2,673.71",Debit,
13 Sep,"ZLR*ORCHARD WHOLEFOOD Melbourne AU AUS
Card xx6915
Value Date: 11/09/2022
39.00
(","$2,634.71",Debit,
13 Sep,"Statement 7                  
(Page 20 of 27)
Account Number
         
06 2948 21864865
6837.39983.10.15 ZZ258R9 0303
 SL.R9.S95O.D303.O
 V06.00.26
Date
Transaction
Debit
Credit
Balance

KMART 1384 MELBOURNE AU AUS
Card xx6915
Value Date: 09/09/2022
212.75
(","$2,421.96",Debit,
13 Sep,"WOOLWORTHS 3813 SOUTHBANK VIC AU
36.75
(","$2,385.21",Debit,
14 Sep,"AMAZON MARKETPLACE AU SYDNEY SOUTH NS AU
Card xx6915
Value Date: 12/09/2022
10.39
(","$2,374.82",Debit,
14 Sep,"MS AND ARHAM PTY LTD MELBOURNE VI AUS
Card xx6915
Value Date: 11/09/2022
9.25
(","$2,365.57",Debit,
14 Sep,"Salary SapientRazorfish
100
$
9,880.66","$12,246.23",Credit,"$12,246.23"
14 Sep,"WOOLWORTHS 3813 SOUTHBANK VIC AU
9.00
(","$12,237.23",Debit,
14 Sep,"PAYPAL *VILLAGECINE Sydney AU
44.50
(","$12,192.73",Debit,
14 Sep,"Transfer to xx3208 CommBank app
Savings
8,500.00
(","$3,671.23",Debit,
16 Sep,"EZI*Winconnect Hawthorn East AU AUS
Card xx6915
Value Date: 14/09/2022
135.50
(","$3,535.73",Debit,
17 Sep,"Transfer from xx3208 CommBank app
Savings
$
10,000.00","$13,535.73",Credit,"$13,535.73"
17 Sep,"Transfer from xx3208 CommBank app
Savings
$
3,500.00","$17,035.73",Credit,"$17,035.73"
17 Sep,"Transfer To TransferWise
CommBank App Savings
13,500.00
(","$3,535.73",Debit,
17 Sep,"PAYPAL *VODAFONEHUT Sydney AU
5.00
(","$3,530.73",Debit,
18 Sep,"WOOLWORTHS 3813 SOUTHBANK VIC AU
47.63
(","$3,483.10",Debit,
18 Sep,"PAYPAL *VODAFONEHUT Sydney AU
15.00
(","$3,468.10",Debit,
20 Sep,"FIBREWORKS INTERNET PT MALAGA AUS
Card xx6915
Value Date: 19/09/2022
79.95
(","$3,388.15",Debit,
20 Sep,"LETSAVE FRANCHISING SOUTHBANK VI AUS
Card xx6915
Value Date: 15/09/2022
3.54
(","$3,384.61",Debit,
20 Sep,"GUM TREE GOOD FOOD ALBERT PARK VI AUS
Card xx6915
Value Date: 16/09/2022
8.37
(","$3,376.24",Debit,
20 Sep,"WOOLWORTHS 3813 SOUTHBANK AU AUS
Card xx6915
Value Date: 16/09/2022
22.34
(","$3,353.90",Debit,
20 Sep,"YARA FRESH FRUITS AND VEG WEIR VI VIC AU
33.00
(","$3,320.90",Debit,
20 Sep,"YARA FRESH FRUITS AND VEG Melbour VIC AU
11.00
(","$3,309.90",Debit,
21 Sep,"WOOLWORTHS 3813 SOUTHBANK AU AUS
Card xx6915
Value Date: 19/09/2022
49.05
(","$3,260.85",Debit,
21 Sep,"LADY BARBER HLU MELBOURNE AU
51.00
(","$3,209.85",Debit,
21 Sep,"APNA DESI INDIAN MELBOURNE VICAU
28.18
(","$3,181.67",Debit,
21 Sep,"OFFICEWORKS 0311 MELBOURNE AU
27.65
(","$3,154.02",Debit,
21 Sep,"SQ *DROPOUT CHAIWALA Melbourne AU
11.00
(","$3,143.02",Debit,
21 Sep,"Statement 7                  
(Page 21 of 27)
Account Number
         
06 2948 21864865
6837.39984.11.15 ZZ258R9 0303
 SL.R9.S95O.D303.O
 V06.00.26
Date
Transaction
Debit
Credit
Balance

SQ *DROPOUT CHAIWALA Melbourne AU
6.00
(","$3,137.02",Debit,
21 Sep,"PAYPAL *VODAFONEHUT Sydney AU
15.00
(","$3,122.02",Debit,
22 Sep,"TROPICANA CBD PTY LTD MELBOURNE VIC AU
8.20
(","$3,113.82",Debit,
22 Sep,"WOOLWORTHS 3813 SOUTHBANK VIC AU
0.91
(","$3,112.91",Debit,
22 Sep,"SALAAM NAMASTE DOSA MELBOURNE AU
53.85
(","$3,059.06",Debit,
22 Sep,"SALAAM NAMASTE DOSA MELBOURNE AU
48.85
(","$3,010.21",Debit,
23 Sep,"ANJU HAIR & BEAUTY P MELBOURNE AU
92.00
(","$2,918.21",Debit,
23 Sep,"PAYPAL *VODAFONEHUT Sydney AU
15.00
(","$2,903.21",Debit,
24 Sep,"WOOLWORTHS 3813 SOUTHBANK VIC AU
2.00
(","$2,901.21",Debit,
24 Sep,"WOOLWORTHS 3813 SOUTHBANK VIC AU
68.25
(","$2,832.96",Debit,
24 Sep,"ISK CON INC GIFT SHO ALBERT PARK VICAU
33.00
(","$2,799.96",Debit,
26 Sep,"WOOLWORTHS 3813 SOUTHBANK VIC AU
0.84
(","$2,799.12",Debit,
26 Sep,"SQ *DROPOUT CHAIWALA Melbourne AU
22.00
(","$2,777.12",Debit,
26 Sep,"KMART 1384 MELBOURNE AU
167.75
(","$2,609.37",Debit,
27 Sep,"PAYPAL *BOGDAN4ADRI RE 4029357733 AU AUS
Card xx6915
Value Date: 26/09/2022
5.41
(","$2,603.96",Debit,
27 Sep,"NEURON MOBILITY AU HAWTHORN VI AUS
Card xx6915
Value Date: 25/09/2022
9.10
(","$2,594.86",Debit,
27 Sep,"WOOLWORTHS 3813 SOUTHBANK AU AUS
Card xx6915
Value Date: 23/09/2022
11.00
(","$2,577.87",Debit,
27 Sep,"WALKERS STOP CONVEN MELBOURNE AU
76.69
(","$2,501.18",Debit,
28 Sep,"PAYPAL *VODAFONEHUT Sydney AU
20.00
(","$2,481.18",Debit,
29 Sep,"BUPA HI P T PHI MELBOURNE VI AUS
Card xx6915
Value Date: 27/09/2022
199.76
(","$2,281.42",Debit,
29 Sep,"WOOLWORTHS 3813 SOUTHBANK AU AUS
Card xx6915
Value Date: 27/09/2022
32.06
(","$2,249.36",Debit,
29 Sep,"SQ *DROPOUT CHAIWALA Melbourne AU
10.00
(","$2,239.36",Debit,
29 Sep,"FLORA INDIAN RESTAUR MELBOURNE AU
12.90
(","$2,226.46",Debit,
29 Sep,"WOOLWORTHS 3813 SOUTHBANK VIC AU
4.00
(","$2,222.46",Debit,
30 Sep,"WOOLWORTHS 3813 SOUTHBANK AU AUS
Card xx6915
Value Date: 28/09/2022
18.00
(","$2,204.46",Debit,
30 Sep,"WOOLWORTHS 3813 SOUTHBANK AU AUS
Card xx6915
Value Date: 28/09/2022
89.70
(","$2,114.76",Debit,
30 Sep,"PAYPAL *VODAFONEHUT Sydney AU
40.00
(","$2,074.76",Debit,
01 Oct,"NEURON MOBILITY AU HAWTHORN VI AUS
Card xx6915
Value Date: 29/09/2022
10.45
(","$2,064.31",Debit,
01 Oct,"KMART 1384 MELBOURNE AU AUS
Card xx6915
Value Date: 28/09/2022
30.75
(","$2,033.56",Debit,
01 Oct,"Statement 7                  
(Page 22 of 27)
Account Number
         
06 2948 21864865
6837.39984.11.15 ZZ258R9 0303
 SL.R9.S95O.D303.O
 V06.00.26
Date
Transaction
Debit
Credit
Balance

SKYSCANNER SYDNEY AU AUS
Card xx6915
Value Date: 29/09/2022
1,121.39
(",$912.17,Debit,
01 Oct,"LETSAVE FRANCHISING SOUTHBANK VI AUS
Card xx6915
Value Date: 28/09/2022
25.60
(",$886.57,Debit,
01 Oct,"WOOLWORTHS 3813 SOUTHBANK AU AUS
Card xx6915
Value Date: 29/09/2022
7.00
(",$879.57,Debit,
01 Oct,"Transfer from xx3208 CommBank app
Phone
$
2,500.00","$3,379.57",Credit,"$3,379.57"
01 Oct,"JB HI FI BOURKE STRE MELBOURNE AU
2,061.00
(","$1,318.57",Debit,
01 Oct,"H&M Melbourne AU0001 350 Bourke StAU
100.12
(","$1,218.45",Debit,
01 Oct,"BWS LIQUOR 3970 SOUTHBANK VIC AU
15.00
(","$1,203.45",Debit,
01 Oct,"WOOLWORTHS 3813 SOUTHBANK VIC AU
3.60
(","$1,199.85",Debit,
02 Oct,"Transfer from xx3208 CommBank app
TrAvel
$
500.00","$1,699.85",Credit,"$1,699.85"
02 Oct,"DESI DHABA MEL MELBOURNE AU
64.20
(","$1,635.65",Debit,
02 Oct,"Nike South Warf South Wharf AU
117.00
(","$1,518.65",Debit,
02 Oct,"ASICS Southwharf Southwharf AU
168.00
(","$1,350.65",Debit,
02 Oct,"BOOST JUICE DFO SOUTH SOUTH WHARF AU
3.80
(","$1,346.85",Debit,
03 Oct,"BIG W 0391 MELBOURNE VIC AU
200.95
(","$1,145.90",Debit,
03 Oct,"BIG W 0391 MELBOURNE VIC AU
20.40
(","$1,125.50",Debit,
03 Oct,"WOOLWORTHS 3304 MELBOURNE VIC AU
2.75
(","$1,122.75",Debit,
04 Oct,"UBER *EATS Sydney AU AUS
Card xx6915
Value Date: 30/09/2022
21.99
(","$1,100.76",Debit,
04 Oct,"UBER *EATS Sydney AU AUS
Card xx6915
Value Date: 30/09/2022
23.11
(","$1,077.65",Debit,
04 Oct,"NEURON MOBILITY AU HAWTHORN VI AUS
Card xx6915
Value Date: 02/10/2022
12.05
(","$1,065.60",Debit,
04 Oct,"NEURON MOBILITY AU HAWTHORN VI AUS
Card xx6915
Value Date: 02/10/2022
12.05
(","$1,053.55",Debit,
04 Oct,"UBER* EATS SYDNEY NS AUS
Card xx6915
Value Date: 01/10/2022
26.94
(","$1,026.61",Debit,
04 Oct,"YUPPTV USA INC. ALPHARETTA GA USA
Card xx6915 AUD 29.68
Value Date: 01/10/2022
29.68
(",$996.93,Debit,
04 Oct,"NEURON MOBILITY AU HAWTHORN VI AUS
Card xx6915
Value Date: 01/10/2022
7.30
(",$989.63,Debit,
04 Oct,"NEURON MOBILITY AU HAWTHORN VI AUS
Card xx6915
Value Date: 01/10/2022
7.50
(",$982.13,Debit,
04 Oct,"WOOLWORTHS 3813 SOUTHBANK VIC AU
17.10
(",$965.03,Debit,
05 Oct,"WOOLWORTHS 3813 SOUTHBANK VIC AU
113.36
(",$431.95,Debit,
06 Oct,"NETFLIX.COM Melbourne AU AUS
Card xx6915
Value Date: 05/10/2022
22.99
(",$408.96,Debit,
06 Oct,"AMZNPRIMEAU MEMBERSHIP SYDNEY SOUTH NS A
Card xx6915
Value Date: 04/10/2022
6.99
(",$401.97,Debit,
06 Oct,"SALAAM NAMASTE DOSA MELBOURNE AU
31.90
(",$370.07,Debit,
06 Oct,"SALAAM NAMASTE DOSA MELBOURNE AU
4.00
(",$366.07,Debit,
07 Oct,"UBER *TRIP Sydney AU AUS
Card xx6915
Value Date: 05/10/2022
9.69
(",$356.38,Debit,
07 Oct,"UBER *TRIP Sydney AU AUS
Card xx6915
Value Date: 05/10/2022
9.69
(",$346.69,Debit,
07 Oct,"PAYPAL *EXPRESSVPN 402-935-7733 DE USA
Card xx6915 AUD 21.09
Value Date: 04/10/2022
21.09
(",$325.60,Debit,
07 Oct,"LADY BARBER HLU MELBOURNE AU
21.00
(",$304.60,Debit,
08 Oct,"MYKI DISCCNTR SCS DSC MELBOURNE VICAU
52.00
(",$252.60,Debit,
08 Oct,"QUICKFIX PHONE REPAI DOCKLANDS AU
20.00
(",$232.60,Debit,
08 Oct,"HELICOPTER ADVENTURE VICVICAU
190.00
(",$42.60,Debit,
08 Oct,"Wharf Shed Geelong AU
20.20
(",$22.40,Debit,
08 Oct,"Wharf Shed Geelong AU
6.06
(",$16.34,Debit,
08 Oct,"Viet Rolls Geelong Geelong AU
8.00
(",$8.34,Debit,
08 Oct,"Transfer from xx3208 CommBank app
Bill
$
200.00",$208.34,Credit,$208.34
08 Oct,"BIG W 0366 GEELONG VIC AU
5.50
(",$202.84,Debit,
09 Oct,"MYKI FLNDERSST RS FSS MELBOURNE VICAU
20.00
(",$182.84,Debit,
09 Oct,"Transfer from xx3208 CommBank app
Savings
$
300.00",$482.84,Credit,$482.84
09 Oct,"WOOLWORTHS 3813 SOUTHBANK VIC AU
120.00
(",$47.60,Debit,
10 Oct,"Transfer from xx3208 CommBank app
Savings
$
200.00",$247.60,Credit,$247.60
11 Oct,"NEURON MOBILITY AU HAWTHORN VI AUS
Card xx6915
Value Date: 08/10/2022
6.40
(",$241.20,Debit,
11 Oct,"NEURON MOBILITY AU HAWTHORN VI AUS
Card xx6915
Value Date: 07/10/2022
4.25
(",$236.95,Debit,
11 Oct,"NEURON MOBILITY AU HAWTHORN VI AUS
Card xx6915
Value Date: 07/10/2022
4.90
(",$232.05,Debit,
11 Oct,"Transfer from xx3208 CommBank app
Rent
$
2,200.00","$2,432.05",Credit,"$2,432.05"
12 Oct,"DEFT RENT NetBank BPAY 4481
45369717 Rent
1,716.00
(",$716.05,Debit,
12 Oct,"Statement 7                  
(Page 24 of 27)
Account Number
         
06 2948 21864865
6837.39985.12.15 ZZ258R9 0303
 SL.R9.S95O.D303.O
 V06.00.26
Date
Transaction
Debit
Credit
Balance

EZI*Winconnect Hawthorn East AU AUS
Card xx6915
Value Date: 10/10/2022
149.04
(",$567.01,Debit,
12 Oct,"WOOLWORTHS 3813 SOUTHBANK VIC AU
3.90
(",$563.11,Debit,
13 Oct,"ZEE5 - Asia TV Ltd London GB GBR
Card xx6915 AUD 9.99
Value Date: 11/10/2022
9.99
(",$553.12,Debit,
14 Oct,"Salary SapientRazorfish
101
$
9,880.66","$10,433.78",Credit,"$10,433.78"
14 Oct,"WOOLWORTHS 3813 SOUTHBANK VIC AU
31.65
(","$10,402.13",Debit,
15 Oct,"UBER *TRIP Sydney AU AUS
Card xx6915
Value Date: 13/10/2022
9.76
(","$10,392.37",Debit,
15 Oct,"LUMPY BROTHERS PTY LTD AVONDALE HEIGAU
14.75
(","$10,377.62",Debit,
15 Oct,"YARA FRESH FRUITS AND VEG Melbour VIC AU
25.70
(","$10,351.92",Debit,
15 Oct,"MS AND ARHAM PTY LT MELBOURNE AU
22.25
(","$10,329.67",Debit,
15 Oct,"WESTERN VEG AND FRUITS MELBOURNE VIC AU
5.50
(","$10,324.17",Debit,
15 Oct,"MARKET BOYS PTY LTD GREENVALE AU
6.00
(","$10,318.17",Debit,
15 Oct,"WOOLWORTHS 3813 SOUTHBANK VIC AU
31.58
(","$10,286.59",Debit,
16 Oct,"WOOLWORTHS 3813 SOUTHBANK VIC AU
1.41
(","$10,285.18",Debit,
17 Oct,"7-ELEVEN 1236 SOUTHBANK AU
2.00
(","$10,283.18",Debit,
17 Oct,"GRILLD PTY LTD - SOUTH MELBOURNE AU
4.50
(","$10,278.68",Debit,
17 Oct,"DESI DHABA MEL MELBOURNE AU
Value Date: 18/10/2022
28.00
(","$10,250.68",Debit,
18 Oct,"WOOLWORTHS 3813 SOUTHBANK VIC AU
26.10
(","$10,224.58",Debit,
18 Oct,"DESI DHABA MEL MELBOURNE AU
23.00
(","$10,201.58",Debit,
19 Oct,"NEURON MOBILITY AU HAWTHORN VI AUS
Card xx6915
Value Date: 17/10/2022
5.50
(","$10,196.08",Debit,
19 Oct,"NEURON MOBILITY AU HAWTHORN VI AUS
Card xx6915
Value Date: 17/10/2022
5.95
(","$10,190.13",Debit,
19 Oct,"NEURON MOBILITY AU HAWTHORN VI AUS
Card xx6915
Value Date: 18/10/2022
6.40
(","$10,183.73",Debit,
19 Oct,"SKYSCANNER SYDNEY AU AUS
Card xx6915
Value Date: 17/10/2022
1,381.63
(","$8,802.10",Debit,
19 Oct,"WOOLWORTHS 3813 SOUTHBANK VIC AU
3.20
(","$8,798.90",Debit,
19 Oct,"WOOLWORTHS 3813 SOUTHBANK VIC AU
2.20
(","$8,796.70",Debit,
20 Oct,"FIBREWORKS INTERNET PT MALAGA AUS
Card xx6915
Value Date: 19/10/2022
79.95
(","$8,716.75",Debit,
20 Oct,"NEURON MOBILITY AU HAWTHORN VI AUS
Card xx6915
Value Date: 18/10/2022
4.60
(","$8,712.15",Debit,
20 Oct,"AMZNPRIMEAU MEMBERSHIP SYDNEY SOUTH NS A
Card xx6915
Value Date: 18/10/2022
6.99
(","$8,705.16",Debit,
20 Oct,"UBER *EATS Sydney AU AUS
Card xx6915
Value Date: 17/10/2022
20.26
(","$8,684.90",Debit,
20 Oct,"Statement 7                  
(Page 25 of 27)
Account Number
         
06 2948 21864865
6837.39986.13.15 ZZ258R9 0303
 SL.R9.S95O.D303.O
 V06.00.26
Date
Transaction
Debit
Credit
Balance

WOOLWORTHS 3813 SOUTHBANK VIC AU
76.53
(","$8,608.37",Debit,
20 Oct,"WOOLWORTHS 3813 SOUTHBANK VIC AU
0.15
(","$8,608.22",Debit,
21 Oct,"UBER *TRIP Sydney AU AUS
Card xx6915
Value Date: 19/10/2022
86.92
(","$8,521.30",Debit,
21 Oct,"UBER *EATS Sydney AU AUS
Card xx6915
Value Date: 18/10/2022
22.84
(","$8,498.46",Debit,
21 Oct,"UBER *EATS Sydney AU AUS
Card xx6915
Value Date: 19/10/2022
19.26
(","$8,479.20",Debit,
21 Oct,"UBER* TRIP SYDNEY NS AUS
Card xx6915
Value Date: 19/10/2022
36.00
(","$8,443.20",Debit,
21 Oct,"AMAZON AU SYDNEY SOUTH NS AUS
Card xx6915
Value Date: 19/10/2022
10.00
(","$8,433.20",Debit,
21 Oct,"IN A RUSH SOUTHBANK AU
8.09
(","$8,425.11",Debit,
21 Oct,"WOOLWORTHS 3813 SOUTHBANK VIC AU
17.00
(","$8,408.11",Debit,
21 Oct,"DESI DHABA MEL MELBOURNE AU
Value Date: 22/10/2022
28.00
(","$8,380.11",Debit,
22 Oct,"UBER *EATS Sydney AU AUS
Card xx6915
Value Date: 20/10/2022
19.26
(","$8,360.85",Debit,
22 Oct,"RIVERSIDE SKATE PARK BOX HILL VI AUS
Card xx6915
Value Date: 20/10/2022
56.00
(","$8,304.85",Debit,
22 Oct,"DESI DHABA MEL MELBOURNE AU
32.50
(","$8,272.35",Debit,
23 Oct,"Direct Credit 012721 ATO
ATO008000017351477
$
2,914.46","$11,186.81",Credit,"$11,186.81"
24 Oct,"Sushi N Poke Southbank AU
6.40
(","$11,166.41",Debit,
24 Oct,"PAYPAL *CLICKBLTECH Sydney AU
39.99
(","$11,126.42",Debit,
24 Oct,"DESI DHABA MEL MELBOURNE AU
32.00
(","$11,094.42",Debit,
25 Oct,"UBER *TRIP Sydney AU AUS
Card xx6915
Value Date: 23/10/2022
51.41
(","$11,043.01",Debit,
25 Oct,"NEURON MOBILITY AU HAWTHORN VI AUS
Card xx6915
Value Date: 22/10/2022
6.85
(","$11,036.16",Debit,
25 Oct,"WOOLWORTHS 3813 SOUTHBANK VIC AU
10.40
(","$11,025.76",Debit,
26 Oct,"VIC ROADS IVR KEW EAST VI AUS
Card xx6915
Value Date: 24/10/2022
19.71
(","$11,006.05",Debit,
26 Oct,"UBER *TRIP Sydney AU AUS
Card xx6915
Value Date: 24/10/2022
21.05
(","$10,979.01",Debit,
26 Oct,"UBER *TRIP Sydney AU AUS
Card xx6915
Value Date: 24/10/2022
16.39
(","$10,962.62",Debit,
26 Oct,"Statement 7                  
(Page 26 of 27)
Account Number
         
06 2948 21864865
6837.39986.13.15 ZZ258R9 0303
 SL.R9.S95O.D303.O
 V06.00.26
Date
Transaction
Debit
Credit
Balance

UBER *EATS Sydney AU AUS
Card xx6915
Value Date: 24/10/2022
33.68
(","$10,928.94",Debit,
26 Oct,"KMART 1384 MELBOURNE AU AUS
Card xx6915
Value Date: 23/10/2022
8.00
(","$10,920.94",Debit,
26 Oct,"UBER* TRIP SYDNEY NS AUS
Card xx6915
Value Date: 24/10/2022
10.48
(","$10,910.46",Debit,
26 Oct,"WOOLWORTHS 3813 SOUTHBANK VIC AU
40.84
(","$10,869.62",Debit,
27 Oct,"PAYPAL *VODAFONEHUT Sydney AU
30.00
(","$10,839.62",Debit,
28 Oct,"BUPA HI P T PHI MELBOURNE VI AUS
Card xx6915
Value Date: 26/10/2022
199.76
(","$10,639.86",Debit,
28 Oct,"WOOLWORTHS 3813 SOUTHBANK AU AUS
Card xx6915
Value Date: 26/10/2022
4.10
(","$10,635.76",Debit,
29 Oct,"PAYPAL *VODAFONEHUT Sydney AU
40.00
(","$10,595.76",Debit,
29 Oct,"P AND J VIRGONA TRAD SOUTH MELBOURAU
Card xx6915
22.00
(","$10,573.76",Debit,
29 Oct,"RAINBOW CONNECTION Yarra Glen AU
39.99
(","$10,533.77",Debit,
30 Oct,"YMCA RIVERSLIDE SKAT MELBOURNE AU
3.00
(","$10,530.77",Debit,
30 Oct,"KMART 1384 MELBOURNE AU
120.75
(","$10,410.02",Debit,
30 Oct,"Tropicana CBD Melbourne AU
7.20
(","$10,402.82",Debit,
30 Oct,"WOOLWORTHS 3813 SOUTHBANK VIC AU
11.70
(","$10,391.12",Debit,
31 Oct,"WOOLWORTHS 3813 SOUTHBANK VIC AU
3.73
(","$10,387.39",Debit,
31 Oct,2022 CLOSING BALANCE,"$10,387.39",Debit,
01 Oct,"Transaction Summary during 1st October 2022 to 30th September 2022
Transaction Type

 to
31 May
01 Jun
 to
31 Jul
01 Aug
 to
30 Sep
Free
Chargeable
Unit
Price
Fee
Charged
Staff assisted withdrawals
0
0
0
0
0
$3.00

Cheques written
0
0
0
0
0
$3.00

Total
0
0
0
0
0

Account Fee

Statement 7                  
(Page 27 of 27)
Account Number
         
06 2948 21864865
6837.39987.14.15 ZZ258R9 0303
 SL.R9.S95O.D303.O
 V06.00.26
Important Information:
We try to get things right the first time  but if we dont, well do what we can to fix it.
You can fix most problems simply by contacting us.
Write to: CBA Group Customer Relations, Reply Paid 41, Sydney NSW 2001
T
e
l
l
 
u
s
 
o
n
l
i
n
e
:
 
c
o
m
m
b
a
n
k
.
c
o
m
.
a
u
/
s
u
p
p
o
r
t
/
c
o
m
p
l
i
m
e
n
t
s
-
a
n
d
-
c
o
m
p
l
a
i
n
t
s
.
h
t
m
l
Call: 1800 805 605 (free call)
You can also contact the Australian Financial Complaints Authority, AFCA, an independent external dispute
resolution body approved by ASIC - time limits may apply, visit AFCA, afca.org.au, website for more information.
Write to: Australian Financial Complaints Authority, GPO Box 3, Melbourne VIC 3001
Email:
info@afca.org.au
Call: 1800 931 678, free call Monday to Friday 9am 5pm, AEST6837.39987.14.15 ZZ258R9 0303
 SL.R9.S95O.D303.O
 V06.00.266837.39988.15.15 ZZ258R9 0303
 SL.R9.S95O.D303.O
 V06.00.26",$0.00,Credit,$3.00
